{"countryCode": "US", "countryName": "United States", "coordinates": [37.1861597, -86.0999753], "name": "Mammoth Cave", "toponymName": "Mammoth Cave", "url": "https://www.nps.gov/maca/index.htm"}
{"countryCode": "US", "countryName": "United States", "coordinates": [32.0877596, -112.9058802], "name": "Organ Pipe Cactus", "toponymName": "Organ Pipe Cactus", "url": "https://www.nps.gov/orpi/index.htm"}
{"countryCode": "US", "countryName": "United States", "coordinates": [41.7749372, -121.506965], "name": "Lava Beds", "toponymName": "Lava Beds", "url": "https://www.nps.gov/labe/index.htm"}
{"countryCode": "US", "countryName": "United States", "coordinates": [37.6346735, -112.8450537], "name": "Cedar Breaks", "toponymName": "Cedar Breaks", "url": "https://www.nps.gov/cebr/index.htm"}
{"countryCode": "US", "countryName": "United States", "coordinates": [43.6432728, -108.2004941], "name": "Dinosaur", "toponymName": "Dinosaur", "url": "https://www.nps.gov/dino/index.htm"}
{"countryCode": "US", "countryName": "United States", "coordinates": [37.604056, -110.0052043], "name": "Natural Bridges", "toponymName": "Natural Bridges", "url": "https://www.nps.gov/nabr/index.htm"}
{"countryCode": "US", "countryName": "United States", "coordinates": [35.5584745, -111.375095], "name": "Wupatki", "toponymName": "Wupatki", "url": "https://www.nps.gov/wupa/index.htm"}
{"countryCode": "US", "countryName": "United States", "coordinates": [44.5902098, -104.7146168], "name": "Devils Tower", "toponymName": "Devils Tower", "url": "https://www.nps.gov/deto/index.htm"}
{"countryCode": "US", "countryName": "United States", "coordinates": [44.5445527, -119.6319641], "name": "John Day Fossil Beds", "toponymName": "John Day Fossil Beds", "url": "https://www.nps.gov/joda/index.htm"}
{"countryCode": "US", "countryName": "United States", "coordinates": [40.2055271, -75.7731419], "name": "Hopewell Furnace", "toponymName": "Hopewell Furnace", "url": "https://www.nps.gov/joda/index.htm"}
{"countryCode": "US", "countryName": "United States", "coordinates": [41.1963953, -81.57706139999999], "name": "Cuyahoga Valley", "toponymName": "Cuyahoga Valley", "url": "https://www.nps.gov/cuva/index.htm"}
{"countryCode": "US", "countryName": "United States", "coordinates": [43.089214, -91.2006419], "name": "Effigy Mounds", "toponymName": "Effigy Mounds", "url": "https://www.nps.gov/efmo/index.htm"}
{"countryCode": "US", "countryName": "United States", "coordinates": [40.6666667, -117.6666667], "name": "Great Basin", "toponymName": "Great Basin", "url": "https://www.nps.gov/grba/index.htm"}
{"countryCode": "US", "countryName": "United States", "coordinates": [40.4405556, -111.7094444], "name": "Timpanogos Cave", "toponymName": "Timpanogos Cave", "url": "https://www.nps.gov/tica/index.htm"}
{"countryCode": "US", "countryName": "United States", "coordinates": [36.5322649, -116.9325408], "name": "Death Valley", "toponymName": "Death Valley", "url": "https://www.nps.gov/deva/index.htm"}
{"countryCode": "US", "countryName": "United States", "coordinates": [38.5753936, -107.7415961], "name": "Black Canyon of the Gunnison", "toponymName": "Black Canyon of the Gunnison", "url": "https://www.nps.gov/blca/index.htm"}
{"countryCode": "US", "countryName": "United States", "coordinates": [34.7687779, -112.0268895], "name": "Tuzigoot", "toponymName": "Tuzigoot", "url": "https://www.nps.gov/tuzi/index.htm"}
{"countryCode": "US", "countryName": "United States", "coordinates": [34.9764537, -85.81425709999999], "name": "Russell Cave", "toponymName": "Russell Cave", "url": "https://www.nps.gov/ruca/index.htm"}
{"countryCode": "US", "countryName": "United States", "coordinates": [41.6174219, -112.5509325], "name": "Golden Spike", "toponymName": "Golden Spike", "url": "https://www.nps.gov/gosp/index.htm"}
{"countryCode": "US", "countryName": "United States", "coordinates": [35.2451342, -81.34119419999999], "name": "Kings Mountain", "toponymName": "Kings Mountain", "url": "https://www.nps.gov/kimo/index.htm"}
{"countryCode": "US", "countryName": "United States", "coordinates": [38.0450635, -103.4336213], "name": "Bent's Old Fort", "toponymName": "Bent's Old Fort", "url": "https://www.nps.gov/beol/index.htm"}
{"countryCode": "US", "countryName": "United States", "coordinates": [37.8970199, -122.5811177], "name": "Muir Woods", "toponymName": "Muir Woods", "url": "https://www.nps.gov/muwo/index.htm"}
{"countryCode": "US", "countryName": "United States", "coordinates": [35.1717266, -111.5092754], "name": "Walnut Canyon", "toponymName": "Walnut Canyon", "url": "https://www.nps.gov/waca/index.htm"}
{"countryCode": "US", "countryName": "United States", "coordinates": [31.891227, -104.8605034], "name": "Guadalupe Mountains", "toponymName": "Guadalupe Mountains", "url": "https://www.nps.gov/gumo/index.htm"}
{"countryCode": "US", "countryName": "United States", "coordinates": [47.9637433, -89.68487119999999], "name": "Grand Portage", "toponymName": "Grand Portage", "url": "https://www.nps.gov/grpo/index.htm"}
{"countryCode": "US", "countryName": "United States", "coordinates": [36.8372086, -108.000093], "name": "Aztec Ruins", "toponymName": "Aztec Ruins", "url": "https://www.nps.gov/azru/index.htm"}
{"countryCode": "US", "countryName": "United States", "coordinates": [34.1751267, -82.024007], "name": "Ninety Six", "toponymName": "Ninety Six", "url": "https://www.nps.gov/nisi/index.htm"}
{"countryCode": "US", "countryName": "United States", "coordinates": [42.8179106, -114.8983185], "name": "Hagerman Fossil Beds", "toponymName": "Hagerman Fossil Beds", "url": "https://www.nps.gov/hafo/index.htm"}
{"countryCode": "US", "countryName": "United States", "coordinates": [33.8174114, -80.876252], "name": "Congaree", "toponymName": "Congaree", "url": "https://www.nps.gov/cong/index.htm"}
{"countryCode": "US", "countryName": "United States", "coordinates": [36.7810744, -103.9695127], "name": "Capulin Volcano", "toponymName": "Capulin Volcano", "url": "https://www.nps.gov/cavo/index.htm"}
{"countryCode": "US", "countryName": "United States", "coordinates": [36.6039715, -83.67297], "name": "Cumberland Gap", "toponymName": "Cumberland Gap", "url": "https://www.nps.gov/cuga/index.htm"}
{"countryCode": "US", "countryName": "United States", "coordinates": [43.8553804, -102.3396912], "name": "Badlands", "toponymName": "Badlands", "url": "https://www.nps.gov/badl/index.htm"}
{"countryCode": "US", "countryName": "United States", "coordinates": [41.9818808, -71.5106615], "name": "Buffalo National Ri", "toponymName": "Buffalo National Ri", "url": "https://www.nps.gov/buff/index.htm"}
{"countryCode": "US", "countryName": "United States", "coordinates": [42.0671985, -113.7013948], "name": "City of Rocks", "toponymName": "City of Rocks", "url": "https://www.nps.gov/ciro/index.htm"}
{"countryCode": "US", "countryName": "United States", "coordinates": [35.6531943, -83.5070203], "name": "Great Smoky Mountains", "toponymName": "Great Smoky Mountains", "url": "https://www.nps.gov/grsm/index.htm"}
{"countryCode": "US", "countryName": "United States", "coordinates": [32.0055627, -81.0935774], "name": "Eisenhower", "toponymName": "Eisenhower", "url": "https://www.nps.gov/eise/index.htm"}
{"countryCode": "US", "countryName": "United States", "coordinates": [36.4824058, -87.8625852], "name": "Fort Donelson", "toponymName": "Fort Donelson", "url": "https://www.nps.gov/fodo/index.htm"}
{"countryCode": "US", "countryName": "United States", "coordinates": [39.8309293, -77.2310955], "name": "Gettysburg", "toponymName": "Gettysburg", "url": "https://www.nps.gov/gett/index.htm"}
{"countryCode": "US", "countryName": "United States", "coordinates": [39.7776149, -79.9314768], "name": "Friendship Hill", "toponymName": "Friendship Hill", "url": "https://www.nps.gov/frhi/index.htm"}
{"countryCode": "US", "countryName": "United States", "coordinates": [34.134728, -116.3130661], "name": "Joshua Tree", "toponymName": "Joshua Tree", "url": "https://www.nps.gov/jotr/index.htm"}
{"countryCode": "US", "countryName": "United States", "coordinates": [35.6142756, -106.3583357], "name": "Kasha-Katuwe Tent Rocks", "toponymName": "Kasha-Katuwe Tent Rocks", "url": "https://www.blm.gov/visit/kktr"}
{"countryCode": "US", "countryName": "United States", "coordinates": [40.09898510000001, -75.4690966], "name": "Valley Forge", "toponymName": "Valley Forge", "url": "https://www.nps.gov/vafo/index.htm"}
{"countryCode": "US", "countryName": "United States", "coordinates": [45.5700984, -107.4324314], "name": "Little Bighorn Battlefield", "toponymName": "Little Bighorn Battlefield", "url": "https://www.nps.gov/libi/index.htm"}
{"countryCode": "US", "countryName": "United States", "coordinates": [36.8878548, -118.5551477], "name": "Kings Canyon", "toponymName": "Kings Canyon", "url": "https://www.nps.gov/seki/index.htm"}
{"countryCode": "US", "countryName": "United States", "coordinates": [38.9415, -76.9649751], "name": "Mount Rainier", "toponymName": "Mount Rainier", "url": "https://www.nps.gov/mora/index.htm"}
{"countryCode": "US", "countryName": "United States", "coordinates": [32.2967359, -111.166615], "name": "Saguaro", "toponymName": "Saguaro", "url": "https://www.nps.gov/sagu/index.htm"}
{"countryCode": "US", "countryName": "United States", "coordinates": [35.3641752, -111.5040458], "name": "Sunset Crater Volcano", "toponymName": "Sunset Crater Volcano", "url": "https://www.nps.gov/sucr/index.htm"}
{"countryCode": "US", "countryName": "United States", "coordinates": [37.2516034, -108.6858632], "name": "Yucca House", "toponymName": "Yucca House", "url": "https://www.nps.gov/yuho/index.htm"}
{"countryCode": "US", "countryName": "United States", "coordinates": [44.427963, -110.588455], "name": "Yellowstone", "toponymName": "Yellowstone", "url": "https://www.nps.gov/yell/index.htm"}
{"countryCode": "US", "countryName": "United States", "coordinates": [31.5732603, -111.052002], "name": "Tumacacori", "toponymName": "Tumacacori", "url": "https://www.nps.gov/tuma/index.htm"}
{"countryCode": "US", "countryName": "United States", "coordinates": [37.53154, -85.7352542], "name": "Abraham Lincoln Birthplace", "toponymName": "Abraham Lincoln Birthplace", "url": "https://www.nps.gov/abli/index.htm"}
{"countryCode": "US", "countryName": "United States", "coordinates": [47.9994421, -104.0405818], "name": "Fort Union Trading Post", "toponymName": "Fort Union Trading Post", "url": "https://www.nps.gov/fous/index.htm"}
{"countryCode": "US", "countryName": "United States", "coordinates": [42.4252103, -103.7342402], "name": "Agate Fossil Beds", "toponymName": "Agate Fossil Beds", "url": "https://www.nps.gov/agfo/index.htm"}
{"countryCode": "US", "countryName": "United States", "coordinates": [35.5836092, -101.6698299], "name": "Alibates Flint Quarries", "toponymName": "Alibates Flint Quarries", "url": "https://www.nps.gov/alfl/index.htm"}
{"countryCode": "US", "countryName": "United States", "coordinates": [39.2912808, -76.6330972], "name": "Edgar Allan Poe", "toponymName": "Edgar Allan Poe", "url": "https://www.nps.gov/edal/index.htm"}
{"countryCode": "US", "countryName": "United States", "coordinates": [41.8140936, -103.6362715], "name": "Scotts Bluff", "toponymName": "Scotts Bluff", "url": "https://www.nps.gov/scbl/index.htm"}
{"countryCode": "US", "countryName": "United States", "coordinates": [42.0631914, -122.4602244], "name": "Cascade-Siskiyou", "toponymName": "Cascade-Siskiyou", "url": "https://www.blm.gov/programs/national-conservation-lands/national-monuments/oregon-washington/cascade-siskiyou"}
{"countryCode": "US", "countryName": "United States", "coordinates": [46.978965, -103.5387091], "name": "Theodore Roosevelt", "toponymName": "Theodore Roosevelt", "url": "https://www.nps.gov/thro/index.htm"}
{"countryCode": "US", "countryName": "United States", "coordinates": [43.57243880000001, -103.4415644], "name": "Wind Cave", "toponymName": "Wind Cave", "url": "https://www.nps.gov/wica/index.htm"}
{"countryCode": "US", "countryName": "United States", "coordinates": [37.208056, -118.708333], "name": "Glacier", "toponymName": "Glacier", "url": "https://www.nps.gov/glac/index.htm"}
{"countryCode": "US", "countryName": "United States", "coordinates": [37.1384152, -93.376955], "name": "Wilson's Creek", "toponymName": "Wilson's Creek", "url": "https://www.nps.gov/wicr/index.htm"}
{"countryCode": "US", "countryName": "United States", "coordinates": [40.3427932, -105.6836389], "name": "Rocky Mountain National Pa", "toponymName": "Rocky Mountain National Pa", "url": "https://www.nps.gov/romo/index.htm"}
{"countryCode": "US", "countryName": "United States", "coordinates": [36.7272288, -118.1527894], "name": "Manzanar", "toponymName": "Manzanar", "url": "https://www.nps.gov/manz/index.htm"}
{"countryCode": "US", "countryName": "United States", "coordinates": [43.0324245, -73.93598209999999], "name": "Saratoga", "toponymName": "Saratoga", "url": "https://www.nps.gov/sara/index.htm"}
{"countryCode": "US", "countryName": "United States", "coordinates": [40.49766, -121.4206552], "name": "Lassen Volcanic", "toponymName": "Lassen Volcanic", "url": "https://www.nps.gov/lavo/index.htm"}
{"countryCode": "US", "countryName": "United States", "coordinates": [43.5010949, -72.3687458], "name": "Saint-Gaudens", "toponymName": "Saint-Gaudens", "url": "https://www.nps.gov/saga/index.htm"}
{"countryCode": "US", "countryName": "United States", "coordinates": [36.1886802, -95.9708215], "name": "Booker T. Washington", "toponymName": "Booker T. Washington", "url": "https://www.nps.gov/bowa/index.htm"}
{"countryCode": "US", "countryName": "United States", "coordinates": [41.2565181, -73.45640230000001], "name": "Weir Farm", "toponymName": "Weir Farm", "url": "https://www.nps.gov/wefa/index.htm"}
{"countryCode": "US", "countryName": "United States", "coordinates": [32.156556, -109.452661], "name": "Fort Bowie", "toponymName": "Fort Bowie", "url": "https://www.nps.gov/fobo/index.htm"}
{"countryCode": "US", "countryName": "United States", "coordinates": [46.04132509999999, -118.4639177], "name": "Whitman Mission", "toponymName": "Whitman Mission", "url": "https://www.nps.gov/whmi/index.htm"}
{"countryCode": "US", "countryName": "United States", "coordinates": [42.095462, -123.4042884], "name": "Oregon Caves National Monument and Preserve", "toponymName": "Oregon Caves National Monument and Preserve", "url": "https://www.nps.gov/orca/index.htm"}
{"countryCode": "US", "countryName": "United States", "coordinates": [37.3775201, -78.7960069], "name": "Appomattox Court House", "toponymName": "Appomattox Court House", "url": "https://www.nps.gov/apco/index.htm"}
{"countryCode": "US", "countryName": "United States", "coordinates": [35.0167918, -81.8039916], "name": "Cowpens", "toponymName": "Cowpens", "url": "https://www.nps.gov/cowp/index.htm"}
{"countryCode": "US", "countryName": "United States", "coordinates": [35.2714108, -82.4472471], "name": "Carl Sandburg Home Nationa", "toponymName": "Carl Sandburg Home Nationa", "url": "https://www.nps.gov/carl/index.htm"}
{"countryCode": "US", "countryName": "United States", "coordinates": [33.7187331, -117.8671109], "name": "Cesar E. Chavez", "toponymName": "Cesar E. Chavez", "url": "https://www.nps.gov/cech/index.htm"}
{"countryCode": "US", "countryName": "United States", "coordinates": [36.1497592, -98.39396409999999], "name": "Homestead", "toponymName": "Homestead", "url": "https://www.nps.gov/home/index.htm"}
{"countryCode": "US", "countryName": "United States", "coordinates": [67.88190089999999, -153.1860539], "name": "Gates of the Arctic", "toponymName": "Gates of the Arctic", "url": "https://www.nps.gov/gaar/index.htm"}
{"countryCode": "US", "countryName": "United States", "coordinates": [32.4855514, -83.4879508], "name": "Ocmulgee", "toponymName": "Ocmulgee", "url": "https://www.nps.gov/ocmu/index.htm"}
{"countryCode": "US", "countryName": "United States", "coordinates": [58.6125631, -155.0631051], "name": "Katmai", "toponymName": "Katmai", "url": "https://www.nps.gov/katm/index.htm"}
{"countryCode": "US", "countryName": "United States", "coordinates": [38.9378645, -77.2653551], "name": "Wolf Trap National Park for the Performing Arts", "toponymName": "Wolf Trap National Park for the Performing Arts", "url": "https://www.nps.gov/wotr/index.htm"}
{"countryCode": "US", "countryName": "United States", "coordinates": [46.5614384, -86.3213064], "name": "Pictured Rocks", "toponymName": "Pictured Rocks", "url": "https://www.nps.gov/piro/index.htm"}
{"countryCode": "US", "countryName": "United States", "coordinates": [38.017769, -122.9912711], "name": "Point Reyes", "toponymName": "Point Reyes", "url": "https://www.nps.gov/pore/index.htm"}
{"countryCode": "US", "countryName": "United States", "coordinates": [30.0136827, -90.1528015], "name": "Jean Lafitte National Historical Park and Preserve", "toponymName": "Jean Lafitte National Historical Park and Preserve", "url": "https://www.nps.gov/jela/index.htm"}
{"countryCode": "US", "countryName": "United States", "coordinates": [41.6505655, -87.07082], "name": "Indiana Dunes", "toponymName": "Indiana Dunes", "url": "https://www.nps.gov/indu/index.htm"}
{"countryCode": "US", "countryName": "United States", "coordinates": [47.9762581, -88.9312613], "name": "Isle Royale", "toponymName": "Isle Royale", "url": "https://www.nps.gov/isro/index.htm"}
{"countryCode": "US", "countryName": "United States", "coordinates": [32.6735426, -117.2425191], "name": "Cabrillo", "toponymName": "Cabrillo", "url": "https://www.nps.gov/cabr/index.htm"}
{"countryCode": "US", "countryName": "United States", "coordinates": [37.0171968, -76.29859410000002], "name": "Fort Monroe", "toponymName": "Fort Monroe", "url": "https://www.nps.gov/fomr/index.htm"}
{"countryCode": "US", "countryName": "United States", "coordinates": [20.025629, -155.8217773], "name": "Puukohola Heiau", "toponymName": "Puukohola Heiau", "url": "https://www.nps.gov/puhe/index.htm"}
{"countryCode": "US", "countryName": "United States", "coordinates": [30.3918514, -88.791067], "name": "Gulf Islands", "toponymName": "Gulf Islands", "url": "https://www.nps.gov/guis/index.htm"}
{"countryCode": "US", "countryName": "United States", "coordinates": [31.6067336, -97.1758392], "name": "Waco Mammoth", "toponymName": "Waco Mammoth", "url": "https://www.nps.gov/waco/index.htm"}
{"countryCode": "US", "countryName": "United States", "coordinates": [42.88644679999999, -78.8783689], "name": "Buffalo", "toponymName": "Buffalo", "url": "https://www.nps.gov/buff/index.htm"}
{"countryCode": "US", "countryName": "United States", "coordinates": [21.3916667, -158.0597222], "name": "Honouliuli", "toponymName": "Honouliuli", "url": "https://www.nps.gov/hono/index.htm"}
{"countryCode": "US", "countryName": "United States", "coordinates": [41.6687897, -70.29624079999999], "name": "Cape Cod", "toponymName": "Cape Cod", "url": "https://www.nps.gov/caco/index.htm"}
{"countryCode": "US", "countryName": "United States", "coordinates": [38.1838617, -76.9201563], "name": "George Washington Birthplace", "toponymName": "George Washington Birthplace", "url": "https://www.nps.gov/gewa/index.htm"}
{"countryCode": "US", "countryName": "United States", "coordinates": [46.7297771, -117.1817377], "name": "Pullman", "toponymName": "Pullman", "url": "https://www.nps.gov/pull/index.htm"}
{"countryCode": "US", "countryName": "United States", "coordinates": [25.2866155, -80.89865089999999], "name": "Everglades", "toponymName": "Everglades", "url": "https://www.nps.gov/ever/index.htm"}
{"countryCode": "US", "countryName": "United States", "coordinates": [36.4863668, -118.5657516], "name": "Sequoia", "toponymName": "Sequoia", "url": "https://www.nps.gov/seki/index.htm"}
{"countryCode": "US", "countryName": "United States", "coordinates": [33.4506004, -119.3791204], "name": "Channel Islands", "toponymName": "Channel Islands", "url": "https://www.nps.gov/chis/index.htm"}
{"countryCode": "US", "countryName": "United States", "coordinates": [19.4215385, -155.9105253], "name": "Pu'uhonua o Honaunau", "toponymName": "Pu'uhonua o Honaunau", "url": "https://www.nps.gov/puho/index.htm"}
{"countryCode": "US", "countryName": "United States", "coordinates": [56.9320008, -158.1647694], "name": "Aniakchak", "toponymName": "Aniakchak", "url": "https://www.nps.gov/ania/index.htm"}
{"countryCode": "US", "countryName": "United States", "coordinates": [19.4193697, -155.2884969], "name": "Hawai'i Volcanoes", "toponymName": "Hawai'i Volcanoes", "url": "https://www.nps.gov/havo/index.htm"}
{"countryCode": "US", "countryName": "United States", "coordinates": [60.20969410000001, -154.3815697], "name": "Lake Clark", "toponymName": "Lake Clark", "url": "https://www.nps.gov/lacl/index.htm"}
{"countryCode": "US", "countryName": "United States", "coordinates": [61.8, -143.5], "name": "Wrangell-St. Elias", "toponymName": "Wrangell-St. Elias", "url": "https://www.nps.gov/wrst/index.htm"}
{"countryCode": "US", "countryName": "United States", "coordinates": [20.7203826, -156.1551524], "name": "Haleakala", "toponymName": "Haleakala", "url": "https://www.nps.gov/hale/index.htm"}
{"countryCode": "US", "countryName": "United States", "coordinates": [38.8391937, -104.7978942], "name": "Olympic", "toponymName": "Olympic", "url": "https://www.nps.gov/olym/index.htm"}
{"countryCode": "US", "countryName": "United States", "coordinates": [67.12805560000001, -163.7452778], "name": "Cape Krusenstern", "toponymName": "Cape Krusenstern", "url": "https://www.nps.gov/cakr/index.htm"}
{"countryCode": "US", "countryName": "United States", "coordinates": [41.302152, -124.0472746], "name": "Redwood", "toponymName": "Redwood", "url": "https://www.nps.gov/redw/index.htm"}
{"countryCode": "US", "countryName": "United States", "coordinates": [19.6787061, -156.0216995], "name": "Kaloko-Honokohau", "toponymName": "Kaloko-Honokohau", "url": "https://www.nps.gov/kaho/index.htm"}
{"countryCode": "US", "countryName": "United States", "coordinates": [44.3385559, -68.2733346], "name": "Acadia", "toponymName": "Acadia", "url": "https://www.nps.gov/acad/index.htmite"}
{"countryCode": "CA", "countryName": "Canada", "coordinates": [46.81033910000001, -64.9611539], "name": "Kouchibouguac National Park Of Canada", "toponymName": "Kouchibouguac National Park Of Canada", "url": "https://www.pc.gc.ca/en/pn-np/nb/kouchibouguac"}
{"countryCode": "CA", "countryName": "Canada", "coordinates": [46.7696859, -72.9522173], "name": "La Mauricie National Park Of Canada", "toponymName": "La Mauricie National Park Of Canada", "url": "https://www.pc.gc.ca/en/pn-np/qc/mauricie"}
{"countryCode": "CA", "countryName": "Canada", "coordinates": [53.5722647, -58.3476971], "name": "Akami-Uapishku - Kakkasuak - Mealy Mountains National Park Reserve Of Canada", "toponymName": "Akami-Uapishku - Kakkasuak - Mealy Mountains National Park Reserve Of Canada", "url": "https://www.pc.gc.ca/en/pn-np/nl/mealy"}
{"countryCode": "CA", "countryName": "Canada", "coordinates": [50.2205446, -63.6242162], "name": "Mingan Archipelago National Park Reserve Of Canada", "toponymName": "Mingan Archipelago National Park Reserve Of Canada", "url": "https://www.pc.gc.ca/en/pn-np/qc/mingan"}
{"countryCode": "CA", "countryName": "Canada", "coordinates": [51.0926042, -118.0422245], "name": "Mount Revelstoke National Park Of Canada", "toponymName": "Mount Revelstoke National Park Of Canada", "url": "https://www.pc.gc.ca/en/pn-np/bc/revelstoke"}
{"countryCode": "CA", "countryName": "Canada", "coordinates": [61.50069730000001, -125.5004694], "name": "Nahanni National Park Reserve Of Canada", "toponymName": "Nahanni National Park Reserve Of Canada", "url": "https://www.pc.gc.ca/en/pn-np/nt/nahanni"}
{"countryCode": "CA", "countryName": "Canada", "coordinates": [62.6706, -128.5439001], "name": "N\u00e1\u00e1ts'ihch'oh National Park Reserve Of Canada", "toponymName": "N\u00e1\u00e1ts'ihch'oh National Park Reserve Of Canada", "url": "https://www.pc.gc.ca/en/pn-np/nt/naatsihchoh"}
{"countryCode": "CA", "countryName": "Canada", "coordinates": [48.79193129999999, -125.156359], "name": "Pacific Rim National Park Reserve Of Canada", "toponymName": "Pacific Rim National Park Reserve Of Canada", "url": "https://www.pc.gc.ca/en/pn-np/bc/pacificrim"}
{"countryCode": "CA", "countryName": "Canada", "coordinates": [44.4534142, -75.8609153], "name": "Thousand Islands National Park Of Canada", "toponymName": "Thousand Islands National Park Of Canada", "url": "https://www.pc.gc.ca/en/pn-np/on/1000"}
{"countryCode": "CA", "countryName": "Canada", "coordinates": [48.5252647, -53.9655172], "name": "Terra Nova National Park Of Canada", "toponymName": "Terra Nova National Park Of Canada", "url": "https://www.pc.gc.ca/en/pn-np/nl/terranova"}
{"countryCode": "CA", "countryName": "Canada", "coordinates": [62.40549399999999, -110.736935], "name": "Thaidene Nene National Park Reserve Of Canada", "toponymName": "Thaidene Nene National Park Reserve Of Canada", "url": "https://www.pc.gc.ca/en/pn-np/nt/thaidene-nene"}
{"countryCode": "CA", "countryName": "Canada", "coordinates": [59.22460509999999, -63.99337480000001], "name": "Torngat Mountains National Park Of Canada", "toponymName": "Torngat Mountains National Park Of Canada", "url": "https://www.pc.gc.ca/en/pn-np/nl/torngats"}
{"countryCode": "CA", "countryName": "Canada", "coordinates": [52.8694052, -118.0759927], "name": "Jasper National Park Of Canada", "toponymName": "Jasper National Park Of Canada", "url": "https://www.pc.gc.ca/en/pn-np/ab/jasper"}
{"countryCode": "CA", "countryName": "Canada", "coordinates": [73.7482485, -119.590888], "name": "Aulavik National Park Of Canada", "toponymName": "Aulavik National Park Of Canada", "url": "https://www.pc.gc.ca/en/pn-np/nt/aulavik"}
{"countryCode": "CA", "countryName": "Canada", "coordinates": [51.17839720000001, -115.5708074], "name": "Banff National Park Of Canada", "toponymName": "Banff National Park Of Canada", "url": "https://www.pc.gc.ca/en/pn-np/ab/banff"}
{"countryCode": "CA", "countryName": "Canada", "coordinates": [45.2254695, -81.5249606], "name": "Bruce Peninsula National Park Of Canada", "toponymName": "Bruce Peninsula National Park Of Canada", "url": "https://www.pc.gc.ca/en/pn-np/on/bruce"}
{"countryCode": "CA", "countryName": "Canada", "coordinates": [46.749861, -60.59825], "name": "Cape Breton Highlands National Park Of Canada", "toponymName": "Cape Breton Highlands National Park Of Canada", "url": "https://www.pc.gc.ca/en/pn-np/ns/cbreton"}
{"countryCode": "CA", "countryName": "Canada", "coordinates": [44.435209, -65.213655], "name": "Kejimkujik National Park And National Historic Site Of Canada", "toponymName": "Kejimkujik National Park And National Historic Site Of Canada", "url": "https://www.pc.gc.ca/en/pn-np/ns/kejimkujik"}
{"countryCode": "CA", "countryName": "Canada", "coordinates": [53.60762459999999, -112.8619477], "name": "Elk Island National Park Of Canada", "toponymName": "Elk Island National Park Of Canada", "url": "https://www.pc.gc.ca/en/pn-np/ab/elkisland"}
{"countryCode": "CA", "countryName": "Canada", "coordinates": [48.8904803, -64.355503], "name": "Forillon National Park Of Canada", "toponymName": "Forillon National Park Of Canada", "url": "https://www.pc.gc.ca/en/pn-np/qc/forillon"}
{"countryCode": "CA", "countryName": "Canada", "coordinates": [45.6137768, -65.0316309], "name": "Fundy National Park Of Canada", "toponymName": "Fundy National Park Of Canada", "url": "https://www.pc.gc.ca/en/pn-np/nb/fundy"}
{"countryCode": "CA", "countryName": "Canada", "coordinates": [44.8743165, -79.8699554], "name": "Georgian Bay Islands National Park Of Canada", "toponymName": "Georgian Bay Islands National Park Of Canada", "url": "https://www.pc.gc.ca/en/pn-np/on/georg"}
{"countryCode": "CA", "countryName": "Canada", "coordinates": [51.335289, -117.5297595], "name": "Glacier National Park Of Canada", "toponymName": "Glacier National Park Of Canada", "url": "https://www.pc.gc.ca/en/pn-np/bc/glacier"}
{"countryCode": "CA", "countryName": "Canada", "coordinates": [60.75, -139.5], "name": "Kluane National Park Reserve Of Canada", "toponymName": "Kluane National Park Reserve Of Canada", "url": "https://www.pc.gc.ca/en/pn-np/yt/kluane"}
{"countryCode": "CA", "countryName": "Canada", "coordinates": [50.9769367, -115.9592102], "name": "Kootenay National Park Of Canada", "toponymName": "Kootenay National Park Of Canada", "url": "https://www.pc.gc.ca/en/pn-np/bc/kootenay"}
{"countryCode": "CA", "countryName": "Canada", "coordinates": [49.1509402, -107.5097378], "name": "Grasslands National Park Of Canada", "toponymName": "Grasslands National Park Of Canada", "url": "https://www.pc.gc.ca/en/pn-np/sk/grasslands"}
{"countryCode": "CA", "countryName": "Canada", "coordinates": [49.59388879999999, -57.78388880000001], "name": "Gros Morne National Park Of Canada", "toponymName": "Gros Morne National Park Of Canada", "url": "https://www.pc.gc.ca/en/pn-np/nl/grosmorne"}
{"countryCode": "CA", "countryName": "Canada", "coordinates": [41.96277200000001, -82.51844], "name": "Point Pelee National Park Of Canada", "toponymName": "Point Pelee National Park Of Canada", "url": "https://www.pc.gc.ca/en/pn-np/on/pelee"}
{"countryCode": "CA", "countryName": "Canada", "coordinates": [53.9228886, -106.0831486], "name": "Prince Albert National Park Of Canada", "toponymName": "Prince Albert National Park Of Canada", "url": "https://www.pc.gc.ca/en/pn-np/sk/princealbert"}
{"countryCode": "CA", "countryName": "Canada", "coordinates": [46.4264571, -63.1739469], "name": "Prince Edward Island National Park Of Canada", "toponymName": "Prince Edward Island National Park Of Canada", "url": "https://www.pc.gc.ca/en/pn-np/pe/pei-ipe"}
{"countryCode": "CA", "countryName": "Canada", "coordinates": [48.5930342, -86.2933777], "name": "Pukaskwa National Park Of Canada", "toponymName": "Pukaskwa National Park Of Canada", "url": "https://www.pc.gc.ca/en/pn-np/on/pukaskwa"}
{"countryCode": "CA", "countryName": "Canada", "coordinates": [81.4672471, -72.1090828], "name": "Quttinirpaaq National Park Of Canada", "toponymName": "Quttinirpaaq National Park Of Canada", "url": "https://www.pc.gc.ca/en/pn-np/nu/quttinirpaaq"}
{"countryCode": "CA", "countryName": "Canada", "coordinates": [50.6583616, -99.9712948], "name": "Riding Mountain National Park Of Canada", "toponymName": "Riding Mountain National Park Of Canada", "url": "https://www.pc.gc.ca/en/pn-np/mb/riding"}
{"countryCode": "CA", "countryName": "Canada", "coordinates": [66.1015079, -122.1507737], "name": "Saoy\u00fa-\u0241ehdacho National Historic Site Of Canada", "toponymName": "Saoy\u00fa-\u0241ehdacho National Historic Site Of Canada", "url": "https://www.pc.gc.ca/en/lhn-nhs/nt/saoyuehdacho"}
{"countryCode": "CA", "countryName": "Canada", "coordinates": [73.0737535, -79.7820558], "name": "Sirmilik National Park Of Canada", "toponymName": "Sirmilik National Park Of Canada", "url": "https://www.pc.gc.ca/en/pn-np/nu/sirmilik"}
{"countryCode": "CA", "countryName": "Canada", "coordinates": [68.818748, -121.748991], "name": "Tuktut Nogait National Park Of Canada", "toponymName": "Tuktut Nogait National Park Of Canada", "url": "https://www.pc.gc.ca/en/pn-np/nt/tuktutnogait"}
{"countryCode": "CA", "countryName": "Canada", "coordinates": [68.38494399999999, -139.8580332], "name": "Vuntut National Park Of Canada", "toponymName": "Vuntut National Park Of Canada", "url": "https://www.pc.gc.ca/en/pn-np/yt/vuntut"}
{"countryCode": "CA", "countryName": "Canada", "coordinates": [57.79385079999999, -93.2290221], "name": "Wapusk National Park Of Canada", "toponymName": "Wapusk National Park Of Canada", "url": "https://www.pc.gc.ca/en/pn-np/mb/wapusk"}
{"countryCode": "CA", "countryName": "Canada", "coordinates": [49.0833333, -113.9166667], "name": "Waterton Lakes National Park Of Canada", "toponymName": "Waterton Lakes National Park Of Canada", "url": "https://www.pc.gc.ca/en/pn-np/ab/waterton"}
{"countryCode": "CA", "countryName": "Canada", "coordinates": [59.4395031, -112.8764021], "name": "Wood Buffalo National Park Of Canada", "toponymName": "Wood Buffalo National Park Of Canada", "url": "https://www.pc.gc.ca/en/pn-np/nt/woodbuffalo"}
{"countryCode": "CA", "countryName": "Canada", "coordinates": [51.4666667, -116.5833333], "name": "Yoho National Park Of Canada", "toponymName": "Yoho National Park Of Canada", "url": "https://www.pc.gc.ca/en/pn-np/bc/yoho"}
{"countryCode": "MX", "countryName": "Mexico", "coordinates": [19.6633722, -101.0040111], "name": "Insurgente Jos\u00e9 Mar\u00eda Morelos", "toponymName": "Insurgente Jos\u00e9 Mar\u00eda Morelos", "url": "https://en.wikipedia.org/wiki/Insurgente_Jos%C3%A9_Mar%C3%ADa_Morelos_y_Pav%C3%B3n_National_Park"}
{"countryCode": "MX", "countryName": "Mexico", "coordinates": [19.4723621, -99.2514626], "name": "Los Remedios", "toponymName": "Los Remedios", "url": "https://en.wikipedia.org/wiki/Los_Remedios_National_Park"}
{"countryCode": "MX", "countryName": "Mexico", "coordinates": [23.783598, -103.807376], "name": "Sierra de \u00d3rganos", "toponymName": "Sierra de \u00d3rganos", "url": "https://en.wikipedia.org/wiki/Sierra_de_%C3%93rganos_National_Park"}
{"countryCode": "MX", "countryName": "Mexico", "coordinates": [20.8688042, -99.21205929999999], "name": "Los M\u00e1rmoles", "toponymName": "Los M\u00e1rmoles", "url": "https://en.wikipedia.org/wiki/Los_M%C3%A1rmoles_National_Park"}
{"countryCode": "MX", "countryName": "Mexico", "coordinates": [21.0987252, -89.59820839999999], "name": "Dzibilchant\u00fan", "toponymName": "Dzibilchant\u00fan", "url": "https://en.wikipedia.org/wiki/Dzibilchaltun"}
{"countryCode": "MX", "countryName": "Mexico", "coordinates": [20.699641, -105.5701537], "name": "Islas Marietas", "toponymName": "Islas Marietas", "url": "https://en.wikipedia.org/wiki/Islas_Marietas_National_Park"}
{"countryCode": "MX", "countryName": "Mexico", "coordinates": [20.1982325, -98.7158875], "name": "El Chico", "toponymName": "El Chico", "url": "https://en.wikipedia.org/wiki/El_Chico_National_Park"}
{"countryCode": "MX", "countryName": "Mexico", "coordinates": [19.3035742, -99.371173], "name": "Insurgente Miguel Hidalgo y Costilla", "toponymName": "Insurgente Miguel Hidalgo y Costilla", "url": "https://en.wikipedia.org/wiki/La_Marquesa_National_Park"}
{"countryCode": "MX", "countryName": "Mexico", "coordinates": [18.6696653, -99.50986859999999], "name": "Grutas de Cacahuamilpa", "toponymName": "Grutas de Cacahuamilpa", "url": "https://en.wikipedia.org/wiki/Grutas_de_Cacahuamilpa_National_Park"}
{"countryCode": "MX", "countryName": "Mexico", "coordinates": [21.875, -105.915], "name": "Isla Isabel", "toponymName": "Isla Isabel", "url": "https://en.wikipedia.org/wiki/Isla_Isabel_National_Park"}
{"countryCode": "MX", "countryName": "Mexico", "coordinates": [19.2308931, -98.0319576], "name": "La Monta\u00f1a Malinche o Matlalcu\u00e9yatl", "toponymName": "La Monta\u00f1a Malinche o Matlalcu\u00e9yatl", "url": "https://en.wikipedia.org/wiki/La_Malinche_National_Park"}
{"countryCode": "MX", "countryName": "Mexico", "coordinates": [19.1783392, -98.64272799999999], "name": "Iztacc\u00edhuatl-Popocat\u00e9petl", "toponymName": "Iztacc\u00edhuatl-Popocat\u00e9petl", "url": "https://en.wikipedia.org/wiki/Iztacc%C3%ADhuatl%E2%80%93Popocat%C3%A9petl_National_Park"}
{"countryCode": "MX", "countryName": "Mexico", "coordinates": [19.0303819, -97.2680761], "name": "Pico de Orizaba", "toponymName": "Pico de Orizaba", "url": "https://en.wikipedia.org/wiki/Pico_de_Orizaba"}
{"countryCode": "MX", "countryName": "Mexico", "coordinates": [19.4241819, -100.1292045], "name": "Bosencheve", "toponymName": "Bosencheve", "url": "https://en.wikipedia.org/wiki/Bosencheve_National_Park"}
{"countryCode": "MX", "countryName": "Mexico", "coordinates": [19.4933333, -97.14833329999999], "name": "Cofre de Perote o Nauhcampat\u00e9petl", "toponymName": "Cofre de Perote o Nauhcampat\u00e9petl", "url": "https://en.wikipedia.org/wiki/Cofre_de_Perote"}
{"countryCode": "MX", "countryName": "Mexico", "coordinates": [15.997012, -97.65606299999999], "name": "Lagunas de Chacahua", "toponymName": "Lagunas de Chacahua", "url": "https://en.wikipedia.org/wiki/Lagunas_de_Chacahua_National_Park"}
{"countryCode": "MX", "countryName": "Mexico", "coordinates": [19.409013, -99.15778089999999], "name": "Constituci\u00f3n de 1857", "toponymName": "Constituci\u00f3n de 1857", "url": "https://en.wikipedia.org/wiki/Constitution_1857_National_Park"}
{"countryCode": "MX", "countryName": "Mexico", "coordinates": [19.048965, -99.3169734], "name": "Lagunas de Zempoala", "toponymName": "Lagunas de Zempoala", "url": "https://en.wikipedia.org/wiki/Lagunas_de_Zempoala_National_Park"}
{"countryCode": "MX", "countryName": "Mexico", "coordinates": [16.8377638, -93.0820476], "name": "Ca\u00f1\u00f3n del Sumidero", "toponymName": "Ca\u00f1\u00f3n del Sumidero", "url": "https://en.wikipedia.org/wiki/Sumidero_Canyon"}
{"countryCode": "MX", "countryName": "Mexico", "coordinates": [19.3487331, -99.1345786], "name": "Cerro de Las Campanas", "toponymName": "Cerro de Las Campanas", "url": "hthttps://en.wikipedia.org/wiki/Cerro_de_las_Campanaso"}
{"countryCode": "MX", "countryName": "Mexico", "coordinates": [26.0827108, -99.62502459999999], "name": "El Sabinal", "toponymName": "El Sabinal", "url": "https://en.wikipedia.org/wiki/El_Sabinal_National_Park"}
{"countryCode": "MX", "countryName": "Mexico", "coordinates": [19.424486, -102.0714541], "name": "Barranca del Cupatitzio", "toponymName": "Barranca del Cupatitzio", "url": "https://en.wikipedia.org/wiki/Barranca_del_Cupatitzio_National_Park"}
{"countryCode": "MX", "countryName": "Mexico", "coordinates": [19.4907285, -99.1140113], "name": "El Tepeyac", "toponymName": "El Tepeyac", "url": "https://en.wikipedia.org/wiki/El_Tepeyac_National_Park"}
{"countryCode": "MX", "countryName": "Mexico", "coordinates": [19.3438889, -99.08999999999999], "name": "Cerro de La Estrella", "toponymName": "Cerro de La Estrella", "url": "https://en.wikipedia.org/wiki/Cerro_de_la_Estrella_National_Park"}
{"countryCode": "MX", "countryName": "Mexico", "coordinates": [20.5320625, -100.3610179], "name": "El Cimatario", "toponymName": "El Cimatario", "url": "https://en.wikipedia.org/wiki/El_Cimatario_National_Park"}
{"countryCode": "MX", "countryName": "Mexico", "coordinates": [19.2843854, -99.1822911], "name": "Fuentes Brotantes de Tlalpan", "toponymName": "Fuentes Brotantes de Tlalpan", "url": "https://en.wikipedia.org/wiki/Fuentes_Brotantes_de_Tlalpan_National_Park"}
{"countryCode": "MX", "countryName": "Mexico", "coordinates": [19.4367708, -99.13424169999999], "name": "El Hist\u00f3rico Coyoac\u00e1n", "toponymName": "El Hist\u00f3rico Coyoac\u00e1n", "url": "https://en.wikipedia.org/wiki/Coyoac%C3%A1n"}
{"countryCode": "MX", "countryName": "Mexico", "coordinates": [19.9026596, -102.2108099], "name": "Lago de Cam\u00e9cuaro", "toponymName": "Lago de Cam\u00e9cuaro", "url": "https://en.wikipedia.org/wiki/Lago_de_Cam%C3%A9cuaro_National_Park"}
{"countryCode": "MX", "countryName": "Mexico", "coordinates": [19.2947691, -99.22452369999999], "name": "Lomas de Padierna", "toponymName": "Lomas de Padierna", "url": "https://en.wikipedia.org/wiki/Lomas_de_Padierna_National_Park"}
{"countryCode": "MX", "countryName": "Mexico", "coordinates": [29.25855159999999, -100.9670454], "name": "Los Novillos", "toponymName": "Los Novillos", "url": "https://en.wikipedia.org/wiki/Los_Novillos_National_Park"}
{"countryCode": "MX", "countryName": "Mexico", "coordinates": [19.5138325, -98.8391329], "name": "Molino de Flores Netzahualc\u00f3yotl", "toponymName": "Molino de Flores Netzahualc\u00f3yotl", "url": "https://en.wikipedia.org/wiki/Molino_de_Flores_Nezahualc%C3%B3yotl_National_Park"}
{"countryCode": "MX", "countryName": "Mexico", "coordinates": [19.1460762, -99.5818611], "name": "Ray\u00f3n", "toponymName": "Ray\u00f3n", "url": "https://en.wikipedia.org/wiki/Ray%C3%B3n_National_Park"}
{"countryCode": "MX", "countryName": "Mexico", "coordinates": [19.1278782, -98.77240560000001], "name": "Sacromonte", "toponymName": "Sacromonte", "url": "https://en.wikipedia.org/wiki/Sacromonte_National_Park"}
{"countryCode": "MX", "countryName": "Mexico", "coordinates": [20.0535516, -99.33956359999999], "name": "Tula", "toponymName": "Tula", "url": "https://en.wikipedia.org/wiki/Tula_(Mesoamerican_site)"}
{"countryCode": "MX", "countryName": "Mexico", "coordinates": [22.9952475, -98.94385419999999], "name": "Xicot\u00e9ncatl", "toponymName": "Xicot\u00e9ncatl", "url": "https://en.wikipedia.org/wiki/Xicot%C3%A9ncatl_National_Park"}
{"countryCode": "MX", "countryName": "Mexico", "coordinates": [28.1748671, -108.2126], "name": "Cascada de Bassaseachic", "toponymName": "Cascada de Bassaseachic", "url": "https://en.wikipedia.org/wiki/Basaseachic_Falls_National_Park"}
{"countryCode": "MX", "countryName": "Mexico", "coordinates": [19.5633333, -103.6083333], "name": "Volc\u00e1n Nevado de Colima", "toponymName": "Volc\u00e1n Nevado de Colima", "url": "hthttps://en.wikipedia.org/wiki/Volc%C3%A1n_Nevado_de_Colima_National_Parko"}
{"countryCode": "MX", "countryName": "Mexico", "coordinates": [19.3058148, -99.3032743], "name": "Desierto de los Leones", "toponymName": "Desierto de los Leones", "url": "https://en.wikipedia.org/wiki/Desierto_de_los_Leones_National_Park"}
{"countryCode": "MX", "countryName": "Mexico", "coordinates": [19.7131471, -100.7887137], "name": "Cerro de Garnica", "toponymName": "Cerro de Garnica", "url": "https://en.wikipedia.org/wiki/Cerro_de_Garnica_National_Park"}
{"countryCode": "MX", "countryName": "Mexico", "coordinates": [19.2113889, -99.2588889], "name": "Cumbres del Ajusco", "toponymName": "Cumbres del Ajusco", "url": "https://en.wikipedia.org/wiki/Cumbres_del_Ajusco_National_Park"}
{"countryCode": "MX", "countryName": "Mexico", "coordinates": [22.1667798, -100.9978347], "name": "Gogorr\u00f3n", "toponymName": "Gogorr\u00f3n", "url": "https://en.wikipedia.org/wiki/El_Gogorr%C3%B3n_National_Park"}
{"countryCode": "MX", "countryName": "Mexico", "coordinates": [22.0151497, -100.9852694], "name": "El Potos\u00ed", "toponymName": "El Potos\u00ed", "url": "https://en.wikipedia.org/wiki/El_Potos%C3%AD_National_Park"}
{"countryCode": "MX", "countryName": "Mexico", "coordinates": [19.0006702, -99.10150329999999], "name": "El Tepozteco", "toponymName": "El Tepozteco", "url": "https://en.wikipedia.org/wiki/El_Tepozteco"}
{"countryCode": "MX", "countryName": "Mexico", "coordinates": [19.3794059, -99.15914459999999], "name": "Benito Ju\u00e1rez", "toponymName": "Benito Ju\u00e1rez", "url": "https://en.wikipedia.org/wiki/Benito_Ju%C3%A1rez_National_Park"}
{"countryCode": "MX", "countryName": "Mexico", "coordinates": [18.8268301, -97.13981609999999], "name": "Ca\u00f1\u00f3n del R\u00edo Blanco", "toponymName": "Ca\u00f1\u00f3n del R\u00edo Blanco", "url": "https://en.wikipedia.org/wiki/Ca%C3%B1%C3%B3n_del_R%C3%ADo_Blanco_National_Park"}
{"countryCode": "MX", "countryName": "Mexico", "coordinates": [28.8043473, -106.4824429], "name": "Cumbres de Majalca", "toponymName": "Cumbres de Majalca", "url": "https://en.wikipedia.org/wiki/Cumbres_de_Majalca_National_Park"}
{"countryCode": "MX", "countryName": "Mexico", "coordinates": [18.9122946, -99.55485859999999], "name": "Desierto del Carmen o de Nixcongo", "toponymName": "Desierto del Carmen o de Nixcongo", "url": "https://en.wikipedia.org/wiki/Desierto_del_Carmen_National_Park"}
{"countryCode": "MX", "countryName": "Mexico", "coordinates": [30.75, -115.216667], "name": "Sierra de San Pedro M\u00e1rtir", "toponymName": "Sierra de San Pedro M\u00e1rtir", "url": "https://en.wikipedia.org/wiki/Sierra_de_San_Pedro_M%C3%A1rtir_National_Park"}
{"countryCode": "MX", "countryName": "Mexico", "coordinates": [17.5883842, -99.2397606], "name": "General Juan \u00c1lvarez", "toponymName": "General Juan \u00c1lvarez", "url": "https://en.wikipedia.org/wiki/General_Juan_N._%C3%81lvarez_National_Park"}
{"countryCode": "MX", "countryName": "Mexico", "coordinates": [16.9308467, -99.8858271], "name": "El Veladero", "toponymName": "El Veladero", "url": "https://en.wikipedia.org/wiki/Cerro_El_Veladero"}
{"countryCode": "MX", "countryName": "Mexico", "coordinates": [20.2114185, -87.46535019999999], "name": "Tulum", "toponymName": "Tulum", "url": "https://en.wikipedia.org/wiki/Tulum"}
{"countryCode": "MX", "countryName": "Mexico", "coordinates": [16.0981135, -91.673862], "name": "Lagunas de Montebello", "toponymName": "Lagunas de Montebello", "url": "https://en.wikipedia.org/wiki/Lagunas_de_Montebello_National_Park"}
{"countryCode": "MX", "countryName": "Mexico", "coordinates": [17.5109792, -91.9930466], "name": "Palenque", "toponymName": "Palenque", "url": "https://en.wikipedia.org/wiki/Palenque"}
{"countryCode": "MX", "countryName": "Mexico", "coordinates": [25.4895495, -100.5328709], "name": "Cumbres de Monterrey", "toponymName": "Cumbres de Monterrey", "url": "https://en.wikipedia.org/wiki/Cumbres_de_Monterrey_National_Park"}
